{
    "0": 10.411771774291992,
    "1": 9.60844898223877,
    "2": 7.698233127593994,
    "3": 4.167938232421875,
    "4": 10.44044017791748,
    "5": 9.618804931640625,
    "6": 10.44660758972168,
    "7": 10.419949531555176,
    "8": 9.343766212463379,
    "9": 10.481687545776367,
    "10": 3.2811119556427,
    "11": 9.29844856262207,
    "12": 9.858349800109863,
    "13": 10.405648231506348,
    "14": 10.03647518157959,
    "15": 10.194069862365723,
    "16": 10.260944366455078,
    "17": 10.34887409210205,
    "18": 10.367047309875488,
    "19": 6.127745151519775,
    "20": 9.823880195617676,
    "21": 7.372575759887695,
    "22": 10.39545726776123,
    "23": 9.591224670410156,
    "24": 9.106303215026855,
    "25": 10.438385963439941,
    "26": 9.23134708404541,
    "27": 9.55698013305664,
    "28": 9.90225887298584,
    "29": 10.399531364440918,
    "30": 10.4179048538208,
    "31": 10.008200645446777,
    "32": 6.458866596221924,
    "33": 10.22739315032959,
    "34": 10.247096061706543,
    "35": 10.288747787475586,
    "36": 10.393433570861816,
    "37": 9.519604682922363,
    "38": 10.39545726776123,
    "39": 10.360978126525879,
    "40": 8.615172386169434,
    "41": 9.630928993225098,
    "42": 10.217564582824707,
    "43": 10.405648231506348,
    "44": 10.251049041748047,
    "45": 8.566136360168457,
    "46": 10.403608322143555,
    "47": 10.40768814086914,
    "48": 9.75035285949707,
    "49": 10.401570320129395,
    "50": 10.405648231506348,
    "51": 10.155155181884766,
    "52": 10.059212684631348,
    "53": 10.450722694396973,
    "54": 10.389365196228027,
    "55": 10.247096061706543,
    "56": 10.280784606933594,
    "57": 10.213639259338379,
    "58": 10.049732208251953,
    "59": 9.66398811340332,
    "60": 10.155155181884766,
    "61": 10.444551467895508,
    "62": 10.118474006652832,
    "63": 9.968892097473145,
    "64": 10.461028099060059,
    "65": 10.344841957092285,
    "66": 10.288747787475586,
    "67": 10.421996116638184,
    "68": 10.385299682617188,
    "69": 10.471352577209473,
    "70": 10.253026962280273,
    "71": 10.354928970336914,
    "72": 10.336787223815918,
    "73": 10.338799476623535,
    "74": 10.405648231506348,
    "75": 10.409729957580566,
    "76": 10.247096061706543,
    "77": 10.41381549835205,
    "78": 10.409729957580566,
    "79": 10.403608322143555,
    "80": 10.399531364440918,
    "81": 10.334775924682617,
    "82": 10.334775924682617,
    "83": 10.444551467895508,
    "84": 10.405648231506348,
    "85": 10.444551467895508,
    "86": 10.260944366455078,
    "87": 10.409729957580566,
    "88": 10.207756996154785,
    "89": 10.389365196228027,
    "90": 10.432241439819336,
    "91": 10.385299682617188,
    "92": 10.438385963439941,
    "93": 10.211677551269531,
    "94": 10.409729957580566,
    "95": 10.061113357543945,
    "96": 10.40768814086914,
    "97": 10.458964347839355,
    "98": 10.424042701721191,
    "99": 10.381237983703613,
    "100": 10.399531364440918,
    "101": 10.397494316101074,
    "102": 10.419949531555176,
    "103": 10.411771774291992,
    "104": 10.483759880065918,
    "105": 10.403608322143555,
    "106": 10.405648231506348,
    "107": 10.401570320129395,
    "108": 10.397494316101074,
    "109": 10.34887409210205,
    "110": 10.399531364440918,
    "111": 10.377180099487305,
    "112": 10.389365196228027,
    "113": 10.377180099487305,
    "114": 10.40768814086914,
    "115": 10.448664665222168,
    "116": 10.405648231506348,
    "117": 10.286755561828613
}